"county","tract","CountyName","hus20","afact"
"County code","Tract","County name","Total housing units (2020 Census)","tract-to-county allocation factor"
"09001","0101.01","Fairfield CT",1716,1 
"09001","0101.02","Fairfield CT",1619,1 
"09001","0102.01","Fairfield CT",1130,1 
"09001","0102.02","Fairfield CT",2186,1 
"09001","0103.00","Fairfield CT",1744,1 
"09001","0104.00","Fairfield CT",2396,1 
"09001","0105.00","Fairfield CT",2987,1 
"09001","0106.00","Fairfield CT",1249,1 
"09001","0107.00","Fairfield CT",1863,1 
"09001","0108.00","Fairfield CT",1292,1 
"09001","0109.00","Fairfield CT",1994,1 
"09001","0110.00","Fairfield CT",1923,1 
"09001","0111.00","Fairfield CT",1642,1 
"09001","0112.00","Fairfield CT",786,1 
"09001","0113.00","Fairfield CT",1150,1 
"09001","0201.01","Fairfield CT",1666,1 
"09001","0201.02","Fairfield CT",2526,1 
"09001","0202.00","Fairfield CT",1429,1 
"09001","0203.01","Fairfield CT",1393,1 
"09001","0203.02","Fairfield CT",1205,1 
"09001","0204.00","Fairfield CT",1336,1 
"09001","0205.00","Fairfield CT",1695,1 
"09001","0206.00","Fairfield CT",1733,1 
"09001","0207.00","Fairfield CT",1644,1 
"09001","0208.00","Fairfield CT",997,1 
"09001","0209.00","Fairfield CT",2291,1 
"09001","0210.00","Fairfield CT",1331,1 
"09001","0211.00","Fairfield CT",2714,1 
"09001","0212.00","Fairfield CT",1807,1 
"09001","0213.00","Fairfield CT",1877,1 
"09001","0214.01","Fairfield CT",978,1 
"09001","0214.02","Fairfield CT",1527,1 
"09001","0215.01","Fairfield CT",1320,1 
"09001","0215.02","Fairfield CT",887,1 
"09001","0216.01","Fairfield CT",1868,1 
"09001","0216.02","Fairfield CT",2279,1 
"09001","0217.01","Fairfield CT",1638,1 
"09001","0217.02","Fairfield CT",2874,1 
"09001","0218.01","Fairfield CT",1984,1 
"09001","0218.02","Fairfield CT",1957,1 
"09001","0219.00","Fairfield CT",2408,1 
"09001","0220.00","Fairfield CT",1202,1 
"09001","0221.01","Fairfield CT",1031,1 
"09001","0221.02","Fairfield CT",1695,1 
"09001","0222.01","Fairfield CT",1647,1 
"09001","0222.02","Fairfield CT",2574,1 
"09001","0223.00","Fairfield CT",2521,1 
"09001","0224.00","Fairfield CT",919,1 
"09001","0301.00","Fairfield CT",1196,1 
"09001","0302.00","Fairfield CT",1159,1 
"09001","0303.00","Fairfield CT",1524,1 
"09001","0304.00","Fairfield CT",1478,1 
"09001","0305.00","Fairfield CT",1908,1 
"09001","0351.01","Fairfield CT",1657,1 
"09001","0351.02","Fairfield CT",1684,1 
"09001","0352.00","Fairfield CT",1126,1 
"09001","0353.00","Fairfield CT",1299,1 
"09001","0354.00","Fairfield CT",1736,1 
"09001","0425.00","Fairfield CT",1493,1 
"09001","0426.00","Fairfield CT",1874,1 
"09001","0427.00","Fairfield CT",2766,1 
"09001","0428.00","Fairfield CT",1789,1 
"09001","0429.00","Fairfield CT",674,1 
"09001","0430.00","Fairfield CT",1254,1 
"09001","0431.00","Fairfield CT",1835,1 
"09001","0432.00","Fairfield CT",1205,1 
"09001","0433.00","Fairfield CT",1195,1 
"09001","0434.00","Fairfield CT",2054,1 
"09001","0435.00","Fairfield CT",1028,1 
"09001","0436.00","Fairfield CT",1295,1 
"09001","0437.00","Fairfield CT",1962,1 
"09001","0438.00","Fairfield CT",3331,1 
"09001","0439.00","Fairfield CT",2115,1 
"09001","0440.00","Fairfield CT",2436,1 
"09001","0441.00","Fairfield CT",1995,1 
"09001","0442.00","Fairfield CT",1904,1 
"09001","0443.00","Fairfield CT",1855,1 
"09001","0444.00","Fairfield CT",1258,1 
"09001","0445.00","Fairfield CT",1352,1 
"09001","0446.00","Fairfield CT",1482,1 
"09001","0451.01","Fairfield CT",1384,1 
"09001","0451.02","Fairfield CT",2056,1 
"09001","0452.00","Fairfield CT",1075,1 
"09001","0453.00","Fairfield CT",809,1 
"09001","0454.00","Fairfield CT",1243,1 
"09001","0501.00","Fairfield CT",1487,1 
"09001","0502.00","Fairfield CT",1661,1 
"09001","0503.01","Fairfield CT",1532,1 
"09001","0503.02","Fairfield CT",1527,1 
"09001","0504.00","Fairfield CT",1120,1 
"09001","0505.00","Fairfield CT",1880,1 
"09001","0506.00","Fairfield CT",1360,1 
"09001","0551.00","Fairfield CT",2061,1 
"09001","0552.00","Fairfield CT",1610,1 
"09001","0601.00","Fairfield CT",1011,1 
"09001","0602.00","Fairfield CT",1657,1 
"09001","0603.00","Fairfield CT",1388,1 
"09001","0604.00","Fairfield CT",1596,1 
"09001","0605.00","Fairfield CT",1007,1 
"09001","0606.00","Fairfield CT",1107,1 
"09001","0607.00","Fairfield CT",1898,1 
"09001","0608.00","Fairfield CT",793,1 
"09001","0609.00","Fairfield CT",926,1 
"09001","0610.00","Fairfield CT",1704,1 
"09001","0611.00","Fairfield CT",1330,1 
"09001","0612.00","Fairfield CT",880,1 
"09001","0613.00","Fairfield CT",1230,1 
"09001","0614.00","Fairfield CT",1371,1 
"09001","0615.00","Fairfield CT",1861,1 
"09001","0616.00","Fairfield CT",2223,1 
"09001","0701.00","Fairfield CT",2788,1 
"09001","0702.00","Fairfield CT",1858,1 
"09001","0703.00","Fairfield CT",477,1 
"09001","0704.00","Fairfield CT",610,1 
"09001","0705.00","Fairfield CT",761,1 
"09001","0706.00","Fairfield CT",1748,1 
"09001","0709.00","Fairfield CT",1002,1 
"09001","0710.00","Fairfield CT",1296,1 
"09001","0711.00","Fairfield CT",1631,1 
"09001","0712.00","Fairfield CT",2028,1 
"09001","0713.00","Fairfield CT",1501,1 
"09001","0714.00","Fairfield CT",1394,1 
"09001","0716.00","Fairfield CT",880,1 
"09001","0719.00","Fairfield CT",1646,1 
"09001","0720.00","Fairfield CT",1350,1 
"09001","0721.00","Fairfield CT",2739,1 
"09001","0722.00","Fairfield CT",1743,1 
"09001","0723.00","Fairfield CT",1900,1 
"09001","0724.00","Fairfield CT",956,1 
"09001","0725.00","Fairfield CT",2357,1 
"09001","0726.00","Fairfield CT",3090,1 
"09001","0727.00","Fairfield CT",1335,1 
"09001","0728.00","Fairfield CT",1973,1 
"09001","0729.00","Fairfield CT",1588,1 
"09001","0730.00","Fairfield CT",705,1 
"09001","0731.00","Fairfield CT",1856,1 
"09001","0732.00","Fairfield CT",1974,1 
"09001","0733.00","Fairfield CT",1484,1 
"09001","0734.00","Fairfield CT",1482,1 
"09001","0735.00","Fairfield CT",1343,1 
"09001","0736.00","Fairfield CT",888,1 
"09001","0737.00","Fairfield CT",2051,1 
"09001","0738.00","Fairfield CT",869,1 
"09001","0739.00","Fairfield CT",1413,1 
"09001","0740.00","Fairfield CT",883,1 
"09001","0743.00","Fairfield CT",1877,1 
"09001","0744.00","Fairfield CT",1801,1 
"09001","0801.00","Fairfield CT",1937,1 
"09001","0802.00","Fairfield CT",1657,1 
"09001","0804.00","Fairfield CT",2309,1 
"09001","0805.00","Fairfield CT",1564,1 
"09001","0806.00","Fairfield CT",1239,1 
"09001","0807.00","Fairfield CT",996,1 
"09001","0808.00","Fairfield CT",1894,1 
"09001","0809.00","Fairfield CT",1930,1 
"09001","0810.00","Fairfield CT",1788,1 
"09001","0811.00","Fairfield CT",1813,1 
"09001","0812.00","Fairfield CT",1989,1 
"09001","0813.00","Fairfield CT",2527,1 
"09001","0901.00","Fairfield CT",1243,1 
"09001","0902.00","Fairfield CT",2951,1 
"09001","0903.00","Fairfield CT",1677,1 
"09001","0904.00","Fairfield CT",2457,1 
"09001","0905.00","Fairfield CT",1710,1 
"09001","0906.00","Fairfield CT",1343,1 
"09001","0907.00","Fairfield CT",1778,1 
"09001","1001.00","Fairfield CT",2179,1 
"09001","1002.00","Fairfield CT",2455,1 
"09001","1003.00","Fairfield CT",2284,1 
"09001","1051.00","Fairfield CT",1532,1 
"09001","1052.00","Fairfield CT",1224,1 
"09001","1101.00","Fairfield CT",1405,1 
"09001","1102.01","Fairfield CT",1982,1 
"09001","1102.02","Fairfield CT",2235,1 
"09001","1103.01","Fairfield CT",3024,1 
"09001","1103.02","Fairfield CT",1556,1 
"09001","1104.00","Fairfield CT",1821,1 
"09001","1105.00","Fairfield CT",2036,1 
"09001","1106.01","Fairfield CT",1083,1 
"09001","1106.02","Fairfield CT",2032,1 
"09001","2001.00","Fairfield CT",1644,1 
"09001","2002.00","Fairfield CT",2623,1 
"09001","2003.01","Fairfield CT",1773,1 
"09001","2003.02","Fairfield CT",1940,1 
"09001","2051.00","Fairfield CT",1923,1 
"09001","2052.00","Fairfield CT",2548,1 
"09001","2053.00","Fairfield CT",2645,1 
"09001","2101.01","Fairfield CT",1354,1 
"09001","2101.02","Fairfield CT",1448,1 
"09001","2102.01","Fairfield CT",1260,1 
"09001","2102.02","Fairfield CT",1027,1 
"09001","2103.00","Fairfield CT",2190,1 
"09001","2104.01","Fairfield CT",1801,1 
"09001","2104.02","Fairfield CT",1761,1 
"09001","2105.01","Fairfield CT",1383,1 
"09001","2105.02","Fairfield CT",3239,1 
"09001","2106.00","Fairfield CT",2460,1 
"09001","2107.01","Fairfield CT",1847,1 
"09001","2107.02","Fairfield CT",1350,1 
"09001","2108.00","Fairfield CT",2128,1 
"09001","2109.00","Fairfield CT",2209,1 
"09001","2110.00","Fairfield CT",1573,1 
"09001","2111.00","Fairfield CT",47,1 
"09001","2112.01","Fairfield CT",1518,1 
"09001","2112.02","Fairfield CT",1191,1 
"09001","2113.00","Fairfield CT",1459,1 
"09001","2114.00","Fairfield CT",2317,1 
"09001","2201.00","Fairfield CT",1837,1 
"09001","2202.00","Fairfield CT",1795,1 
"09001","2203.00","Fairfield CT",2003,1 
"09001","2301.00","Fairfield CT",3022,1 
"09001","2302.00","Fairfield CT",763,1 
"09001","2303.00","Fairfield CT",1291,1 
"09001","2304.00","Fairfield CT",2091,1 
"09001","2305.01","Fairfield CT",1498,1 
"09001","2305.02","Fairfield CT",1657,1 
"09001","2401.00","Fairfield CT",1884,1 
"09001","2402.00","Fairfield CT",1780,1 
"09001","2451.00","Fairfield CT",1003,1 
"09001","2452.00","Fairfield CT",1568,1 
"09001","2453.00","Fairfield CT",2462,1 
"09001","2454.00","Fairfield CT",1204,1 
"09001","2455.00","Fairfield CT",1118,1 
"09001","2456.00","Fairfield CT",2151,1 
"09001","2571.00","Fairfield CT",1834,1 
"09001","2572.00","Fairfield CT",1597,1 
"09003","3301.00","Hartford CT",843,1 
"09003","4001.01","Hartford CT",1436,1 
"09003","4001.02","Hartford CT",1848,1 
"09003","4002.00","Hartford CT",2351,1 
"09003","4003.00","Hartford CT",2936,1 
"09003","4051.00","Hartford CT",1376,1 
"09003","4052.00","Hartford CT",1964,1 
"09003","4053.00","Hartford CT",2800,1 
"09003","4054.01","Hartford CT",1449,1 
"09003","4054.02","Hartford CT",2231,1 
"09003","4055.00","Hartford CT",2327,1 
"09003","4056.00","Hartford CT",3113,1 
"09003","4057.00","Hartford CT",1109,1 
"09003","4058.01","Hartford CT",1466,1 
"09003","4058.02","Hartford CT",1727,1 
"09003","4059.00","Hartford CT",1840,1 
"09003","4060.01","Hartford CT",1778,1 
"09003","4060.02","Hartford CT",2163,1 
"09003","4061.00","Hartford CT",1908,1 
"09003","4101.01","Hartford CT",2008,1 
"09003","4101.02","Hartford CT",1620,1 
"09003","4153.00","Hartford CT",1039,1 
"09003","4154.00","Hartford CT",2505,1 
"09003","4155.00","Hartford CT",1280,1 
"09003","4156.00","Hartford CT",1864,1 
"09003","4157.00","Hartford CT",1448,1 
"09003","4158.00","Hartford CT",1310,1 
"09003","4159.00","Hartford CT",793,1 
"09003","4160.00","Hartford CT",2089,1 
"09003","4161.00","Hartford CT",2083,1 
"09003","4162.00","Hartford CT",1394,1 
"09003","4163.00","Hartford CT",1702,1 
"09003","4164.00","Hartford CT",1368,1 
"09003","4165.00","Hartford CT",1857,1 
"09003","4166.00","Hartford CT",1311,1 
"09003","4167.00","Hartford CT",2761,1 
"09003","4168.00","Hartford CT",1347,1 
"09003","4171.00","Hartford CT",1033,1 
"09003","4172.00","Hartford CT",814,1 
"09003","4173.00","Hartford CT",35,1 
"09003","4174.00","Hartford CT",1532,1 
"09003","4175.00","Hartford CT",1945,1 
"09003","4204.00","Hartford CT",1229,1 
"09003","4205.00","Hartford CT",2620,1 
"09003","4206.01","Hartford CT",1289,1 
"09003","4206.02","Hartford CT",1495,1 
"09003","4207.00","Hartford CT",1412,1 
"09003","4301.00","Hartford CT",1916,1 
"09003","4302.01","Hartford CT",1439,1 
"09003","4302.02","Hartford CT",1728,1 
"09003","4302.03","Hartford CT",1929,1 
"09003","4303.01","Hartford CT",1437,1 
"09003","4303.02","Hartford CT",1123,1 
"09003","4304.00","Hartford CT",2240,1 
"09003","4305.01","Hartford CT",675,1 
"09003","4305.02","Hartford CT",1862,1 
"09003","4306.02","Hartford CT",1425,1 
"09003","4306.03","Hartford CT",1065,1 
"09003","4306.04","Hartford CT",1306,1 
"09003","4601.00","Hartford CT",1458,1 
"09003","4602.02","Hartford CT",2195,1 
"09003","4602.03","Hartford CT",1578,1 
"09003","4602.04","Hartford CT",2675,1 
"09003","4603.01","Hartford CT",2067,1 
"09003","4603.02","Hartford CT",1694,1 
"09003","4621.01","Hartford CT",2607,1 
"09003","4621.02","Hartford CT",1483,1 
"09003","4622.01","Hartford CT",2332,1 
"09003","4622.02","Hartford CT",1291,1 
"09003","4641.01","Hartford CT",2061,1 
"09003","4641.02","Hartford CT",2322,1 
"09003","4661.01","Hartford CT",2516,1 
"09003","4661.02","Hartford CT",2136,1 
"09003","4662.01","Hartford CT",1175,1 
"09003","4662.02","Hartford CT",1341,1 
"09003","4663.00","Hartford CT",1820,1 
"09003","4664.00","Hartford CT",1069,1 
"09003","4681.01","Hartford CT",2667,1 
"09003","4681.02","Hartford CT",1781,1 
"09003","4701.00","Hartford CT",2183,1 
"09003","4711.00","Hartford CT",1362,1 
"09003","4712.00","Hartford CT",1200,1 
"09003","4713.00","Hartford CT",2499,1 
"09003","4714.00","Hartford CT",2785,1 
"09003","4715.00","Hartford CT",1871,1 
"09003","4731.00","Hartford CT",2289,1 
"09003","4734.00","Hartford CT",1084,1 
"09003","4735.01","Hartford CT",1849,1 
"09003","4735.02","Hartford CT",1457,1 
"09003","4736.01","Hartford CT",1364,1 
"09003","4736.02","Hartford CT",1031,1 
"09003","4737.00","Hartford CT",2242,1 
"09003","4738.00","Hartford CT",722,1 
"09003","4761.00","Hartford CT",2245,1 
"09003","4762.00","Hartford CT",1153,1 
"09003","4763.00","Hartford CT",2417,1 
"09003","4771.01","Hartford CT",1707,1 
"09003","4771.03","Hartford CT",1672,1 
"09003","4771.04","Hartford CT",1258,1 
"09003","4772.00","Hartford CT",1242,1 
"09003","4803.00","Hartford CT",953,1 
"09003","4804.00","Hartford CT",1465,1 
"09003","4805.00","Hartford CT",1387,1 
"09003","4806.00","Hartford CT",2297,1 
"09003","4807.00","Hartford CT",861,1 
"09003","4808.00","Hartford CT",2041,1 
"09003","4809.00","Hartford CT",916,1 
"09003","4810.00","Hartford CT",1314,1 
"09003","4811.00","Hartford CT",1549,1 
"09003","4812.00","Hartford CT",1764,1 
"09003","4813.00","Hartford CT",1196,1 
"09003","4841.00","Hartford CT",2814,1 
"09003","4842.00","Hartford CT",2534,1 
"09003","4871.00","Hartford CT",2617,1 
"09003","4872.01","Hartford CT",1789,1 
"09003","4872.02","Hartford CT",1162,1 
"09003","4873.00","Hartford CT",640,1 
"09003","4874.00","Hartford CT",1081,1 
"09003","4875.00","Hartford CT",3515,1 
"09003","4901.00","Hartford CT",2807,1 
"09003","4903.03","Hartford CT",2121,1 
"09003","4903.04","Hartford CT",1611,1 
"09003","4921.00","Hartford CT",1497,1 
"09003","4922.00","Hartford CT",1798,1 
"09003","4923.00","Hartford CT",2838,1 
"09003","4924.00","Hartford CT",1211,1 
"09003","4925.00","Hartford CT",1446,1 
"09003","4926.00","Hartford CT",3019,1 
"09003","4941.00","Hartford CT",2880,1 
"09003","4942.01","Hartford CT",1871,1 
"09003","4942.02","Hartford CT",1200,1 
"09003","4943.00","Hartford CT",1631,1 
"09003","4944.00","Hartford CT",2055,1 
"09003","4945.00","Hartford CT",1909,1 
"09003","4946.00","Hartford CT",1673,1 
"09003","4961.00","Hartford CT",1184,1 
"09003","4962.00","Hartford CT",2047,1 
"09003","4963.00","Hartford CT",1594,1 
"09003","4964.00","Hartford CT",1171,1 
"09003","4965.00","Hartford CT",1114,1 
"09003","4966.00","Hartford CT",1204,1 
"09003","4967.00","Hartford CT",1767,1 
"09003","4968.00","Hartford CT",1428,1 
"09003","4969.00","Hartford CT",3211,1 
"09003","4970.00","Hartford CT",1597,1 
"09003","4971.00","Hartford CT",2143,1 
"09003","4972.00","Hartford CT",973,1 
"09003","4973.00","Hartford CT",1812,1 
"09003","4974.00","Hartford CT",1519,1 
"09003","4975.00","Hartford CT",1777,1 
"09003","4976.00","Hartford CT",1018,1 
"09003","4977.00","Hartford CT",1681,1 
"09003","5001.00","Hartford CT",1540,1 
"09003","5002.00","Hartford CT",952,1 
"09003","5003.00","Hartford CT",1047,1 
"09003","5004.00","Hartford CT",849,1 
"09003","5005.00","Hartford CT",897,1 
"09003","5009.00","Hartford CT",831,1 
"09003","5012.00","Hartford CT",1027,1 
"09003","5013.00","Hartford CT",676,1 
"09003","5014.00","Hartford CT",1257,1 
"09003","5015.00","Hartford CT",1577,1 
"09003","5017.00","Hartford CT",574,1 
"09003","5018.00","Hartford CT",1170,1 
"09003","5021.00","Hartford CT",2291,1 
"09003","5023.00","Hartford CT",2162,1 
"09003","5024.00","Hartford CT",2342,1 
"09003","5025.00","Hartford CT",837,1 
"09003","5026.00","Hartford CT",1476,1 
"09003","5027.00","Hartford CT",1637,1 
"09003","5028.00","Hartford CT",1200,1 
"09003","5029.00","Hartford CT",1418,1 
"09003","5030.00","Hartford CT",1400,1 
"09003","5031.01","Hartford CT",926,1 
"09003","5031.02","Hartford CT",2021,1 
"09003","5033.00","Hartford CT",1532,1 
"09003","5035.00","Hartford CT",700,1 
"09003","5037.00","Hartford CT",1087,1 
"09003","5038.00","Hartford CT",60,1 
"09003","5039.00","Hartford CT",1853,1 
"09003","5040.00","Hartford CT",1242,1 
"09003","5041.00","Hartford CT",772,1 
"09003","5042.00","Hartford CT",2788,1 
"09003","5043.00","Hartford CT",884,1 
"09003","5045.00","Hartford CT",1378,1 
"09003","5048.00","Hartford CT",1721,1 
"09003","5049.00","Hartford CT",1705,1 
"09003","5101.00","Hartford CT",917,1 
"09003","5102.00","Hartford CT",1037,1 
"09003","5103.00","Hartford CT",1663,1 
"09003","5104.00","Hartford CT",2460,1 
"09003","5105.00","Hartford CT",1482,1 
"09003","5106.00","Hartford CT",2299,1 
"09003","5107.00","Hartford CT",2050,1 
"09003","5108.00","Hartford CT",1508,1 
"09003","5109.00","Hartford CT",1469,1 
"09003","5110.00","Hartford CT",1403,1 
"09003","5111.00","Hartford CT",1416,1 
"09003","5112.00","Hartford CT",1310,1 
"09003","5113.00","Hartford CT",1468,1 
"09003","5114.00","Hartford CT",879,1 
"09003","5141.01","Hartford CT",1311,1 
"09003","5141.03","Hartford CT",2058,1 
"09003","5141.04","Hartford CT",2001,1 
"09003","5142.00","Hartford CT",1554,1 
"09003","5143.00","Hartford CT",1826,1 
"09003","5144.00","Hartford CT",2076,1 
"09003","5145.00","Hartford CT",1893,1 
"09003","5146.00","Hartford CT",2547,1 
"09003","5147.00","Hartford CT",2289,1 
"09003","5148.00","Hartford CT",1441,1 
"09003","5149.00","Hartford CT",1235,1 
"09003","5150.00","Hartford CT",1240,1 
"09003","5151.01","Hartford CT",1002,1 
"09003","5151.02","Hartford CT",2475,1 
"09003","5152.00","Hartford CT",1497,1 
"09003","5201.00","Hartford CT",2192,1 
"09003","5202.01","Hartford CT",1341,1 
"09003","5202.02","Hartford CT",1556,1 
"09003","5203.01","Hartford CT",2068,1 
"09003","5203.02","Hartford CT",2527,1 
"09003","5204.00","Hartford CT",3106,1 
"09003","5205.01","Hartford CT",1691,1 
"09003","5241.00","Hartford CT",2388,1 
"09003","5242.00","Hartford CT",2780,1 
"09003","5243.00","Hartford CT",1998,1 
"09003","5244.00","Hartford CT",1406,1 
"09003","5245.01","Hartford CT",1732,1 
"09003","5245.02","Hartford CT",1171,1 
"09003","5246.00","Hartford CT",1805,1 
"09003","5247.00","Hartford CT",1310,1 
"09003","9801.00","Hartford CT",6,1 
"09005","2501.00","Litchfield CT",863,1 
"09005","2531.00","Litchfield CT",1566,1 
"09005","2532.00","Litchfield CT",2781,1 
"09005","2534.00","Litchfield CT",2821,1 
"09005","2535.00","Litchfield CT",2465,1 
"09005","2602.00","Litchfield CT",1582,1 
"09005","2611.00","Litchfield CT",2519,1 
"09005","2621.00","Litchfield CT",1724,1 
"09005","2632.00","Litchfield CT",1002,1 
"09005","2651.00","Litchfield CT",790,1 
"09005","2661.00","Litchfield CT",1687,1 
"09005","2671.00","Litchfield CT",2056,1 
"09005","2681.00","Litchfield CT",1163,1 
"09005","2901.00","Litchfield CT",1566,1 
"09005","2931.00","Litchfield CT",694,1 
"09005","2961.00","Litchfield CT",1708,1 
"09005","2983.00","Litchfield CT",1203,1 
"09005","2984.00","Litchfield CT",1110,1 
"09005","3001.00","Litchfield CT",1405,1 
"09005","3004.00","Litchfield CT",931,1 
"09005","3005.00","Litchfield CT",1630,1 
"09005","3031.00","Litchfield CT",1253,1 
"09005","3061.00","Litchfield CT",2968,1 
"09005","3101.00","Litchfield CT",1962,1 
"09005","3102.00","Litchfield CT",1399,1 
"09005","3103.00","Litchfield CT",988,1 
"09005","3104.00","Litchfield CT",1220,1 
"09005","3105.00","Litchfield CT",919,1 
"09005","3106.01","Litchfield CT",1404,1 
"09005","3106.02","Litchfield CT",1962,1 
"09005","3107.00","Litchfield CT",2488,1 
"09005","3108.01","Litchfield CT",1177,1 
"09005","3108.03","Litchfield CT",2353,1 
"09005","3108.04","Litchfield CT",1168,1 
"09005","3201.01","Litchfield CT",786,1 
"09005","3201.02","Litchfield CT",2254,1 
"09005","3202.00","Litchfield CT",2365,1 
"09005","3421.00","Litchfield CT",1605,1 
"09005","3491.00","Litchfield CT",2083,1 
"09005","3492.00","Litchfield CT",1257,1 
"09005","3601.00","Litchfield CT",2250,1 
"09005","3602.00","Litchfield CT",2984,1 
"09005","3603.00","Litchfield CT",1448,1 
"09005","3604.00","Litchfield CT",2455,1 
"09005","3621.01","Litchfield CT",2137,1 
"09005","3621.02","Litchfield CT",2447,1 
"09005","4253.00","Litchfield CT",1695,1 
"09005","4254.00","Litchfield CT",1935,1 
"09005","4255.00","Litchfield CT",1521,1 
"09005","4256.01","Litchfield CT",932,1 
"09005","4256.02","Litchfield CT",639,1 
"09005","4257.00","Litchfield CT",2295,1 
"09007","5411.00","Middlesex CT",1263,1 
"09007","5412.00","Middlesex CT",2534,1 
"09007","5413.01","Middlesex CT",1346,1 
"09007","5413.02","Middlesex CT",2255,1 
"09007","5414.01","Middlesex CT",1248,1 
"09007","5414.02","Middlesex CT",2805,1 
"09007","5415.00","Middlesex CT",733,1 
"09007","5416.00","Middlesex CT",951,1 
"09007","5417.00","Middlesex CT",1619,1 
"09007","5420.00","Middlesex CT",2088,1 
"09007","5421.00","Middlesex CT",1528,1 
"09007","5422.00","Middlesex CT",754,1 
"09007","5501.00","Middlesex CT",2685,1 
"09007","5502.01","Middlesex CT",1605,1 
"09007","5502.02","Middlesex CT",1347,1 
"09007","5601.00","Middlesex CT",2450,1 
"09007","5602.00","Middlesex CT",1678,1 
"09007","5701.00","Middlesex CT",2248,1 
"09007","5702.00","Middlesex CT",1356,1 
"09007","5703.00","Middlesex CT",2558,1 
"09007","5801.00","Middlesex CT",1882,1 
"09007","5851.00","Middlesex CT",2828,1 
"09007","5901.01","Middlesex CT",1782,1 
"09007","5901.02","Middlesex CT",1758,1 
"09007","5951.01","Middlesex CT",1872,1 
"09007","5951.02","Middlesex CT",2605,1 
"09007","6001.00","Middlesex CT",1793,1 
"09007","6101.00","Middlesex CT",1151,1 
"09007","6102.00","Middlesex CT",2181,1 
"09007","6103.00","Middlesex CT",1693,1 
"09007","6104.00","Middlesex CT",1258,1 
"09007","6201.00","Middlesex CT",2112,1 
"09007","6301.01","Middlesex CT",1952,1 
"09007","6301.02","Middlesex CT",1377,1 
"09007","6401.00","Middlesex CT",2601,1 
"09007","6701.00","Middlesex CT",2475,1 
"09007","6702.00","Middlesex CT",3395,1 
"09007","6801.01","Middlesex CT",1188,1 
"09007","6801.02","Middlesex CT",2788,1 
"09007","6802.00","Middlesex CT",2547,1 
"09009","1201.00","New Haven CT",2872,1 
"09009","1202.00","New Haven CT",2887,1 
"09009","1251.00","New Haven CT",1756,1 
"09009","1252.00","New Haven CT",2646,1 
"09009","1253.00","New Haven CT",2198,1 
"09009","1254.00","New Haven CT",1504,1 
"09009","1301.01","New Haven CT",2274,1 
"09009","1301.02","New Haven CT",1363,1 
"09009","1302.01","New Haven CT",1354,1 
"09009","1302.02","New Haven CT",2121,1 
"09009","1401.01","New Haven CT",1011,1 
"09009","1401.02","New Haven CT",2060,1 
"09009","1402.00","New Haven CT",473,1 
"09009","1403.00","New Haven CT",955,1 
"09009","1404.00","New Haven CT",1349,1 
"09009","1405.00","New Haven CT",1330,1 
"09009","1406.00","New Haven CT",1821,1 
"09009","1407.00","New Haven CT",2252,1 
"09009","1408.00","New Haven CT",1670,1 
"09009","1409.00","New Haven CT",2123,1 
"09009","1410.00","New Haven CT",1872,1 
"09009","1411.00","New Haven CT",1154,1 
"09009","1412.00","New Haven CT",1940,1 
"09009","1413.01","New Haven CT",2275,1 
"09009","1414.00","New Haven CT",2017,1 
"09009","1415.00","New Haven CT",3052,1 
"09009","1416.00","New Haven CT",2088,1 
"09009","1418.00","New Haven CT",1962,1 
"09009","1419.00","New Haven CT",2868,1 
"09009","1420.00","New Haven CT",2162,1 
"09009","1421.00","New Haven CT",615,1 
"09009","1422.00","New Haven CT",1071,1 
"09009","1423.00","New Haven CT",2143,1 
"09009","1424.00","New Haven CT",2142,1 
"09009","1425.00","New Haven CT",2229,1 
"09009","1426.01","New Haven CT",2554,1 
"09009","1426.04","New Haven CT",1136,1 
"09009","1426.05","New Haven CT",2330,1 
"09009","1427.00","New Haven CT",2704,1 
"09009","1428.00","New Haven CT",2110,1 
"09009","1501.00","New Haven CT",2408,1 
"09009","1502.00","New Haven CT",1576,1 
"09009","1503.00","New Haven CT",1788,1 
"09009","1504.00","New Haven CT",2132,1 
"09009","1505.00","New Haven CT",1791,1 
"09009","1506.00","New Haven CT",2774,1 
"09009","1507.00","New Haven CT",1557,1 
"09009","1508.00","New Haven CT",1687,1 
"09009","1509.00","New Haven CT",1668,1 
"09009","1510.00","New Haven CT",2112,1 
"09009","1511.00","New Haven CT",2887,1 
"09009","1512.00","New Haven CT",1369,1 
"09009","1541.01","New Haven CT",1178,1 
"09009","1541.02","New Haven CT",2005,1 
"09009","1542.00","New Haven CT",2815,1 
"09009","1545.00","New Haven CT",2051,1 
"09009","1546.00","New Haven CT",1780,1 
"09009","1547.00","New Haven CT",2597,1 
"09009","1548.00","New Haven CT",2120,1 
"09009","1549.00","New Haven CT",1772,1 
"09009","1550.00","New Haven CT",2318,1 
"09009","1551.00","New Haven CT",1870,1 
"09009","1571.00","New Haven CT",1169,1 
"09009","1572.00","New Haven CT",1386,1 
"09009","1573.00","New Haven CT",1345,1 
"09009","1574.00","New Haven CT",1580,1 
"09009","1601.00","New Haven CT",1274,1 
"09009","1602.00","New Haven CT",2202,1 
"09009","1611.00","New Haven CT",2039,1 
"09009","1651.00","New Haven CT",1621,1 
"09009","1652.00","New Haven CT",1175,1 
"09009","1653.00","New Haven CT",1061,1 
"09009","1654.00","New Haven CT",3097,1 
"09009","1655.00","New Haven CT",1966,1 
"09009","1656.00","New Haven CT",2471,1 
"09009","1657.00","New Haven CT",1576,1 
"09009","1658.01","New Haven CT",2837,1 
"09009","1658.02","New Haven CT",1547,1 
"09009","1659.00","New Haven CT",2790,1 
"09009","1660.02","New Haven CT",2072,1 
"09009","1660.03","New Haven CT",1344,1 
"09009","1660.04","New Haven CT",2427,1 
"09009","1671.01","New Haven CT",1769,1 
"09009","1671.02","New Haven CT",1663,1 
"09009","1672.01","New Haven CT",1775,1 
"09009","1672.02","New Haven CT",1962,1 
"09009","1673.01","New Haven CT",2812,1 
"09009","1701.00","New Haven CT",838,1 
"09009","1702.00","New Haven CT",831,1 
"09009","1703.00","New Haven CT",915,1 
"09009","1704.00","New Haven CT",755,1 
"09009","1705.00","New Haven CT",2104,1 
"09009","1706.00","New Haven CT",1128,1 
"09009","1707.00","New Haven CT",1069,1 
"09009","1708.00","New Haven CT",2551,1 
"09009","1709.00","New Haven CT",1364,1 
"09009","1710.00","New Haven CT",955,1 
"09009","1711.00","New Haven CT",2501,1 
"09009","1712.01","New Haven CT",1903,1 
"09009","1712.02","New Haven CT",1553,1 
"09009","1713.00","New Haven CT",1498,1 
"09009","1714.00","New Haven CT",887,1 
"09009","1715.00","New Haven CT",1413,1 
"09009","1716.00","New Haven CT",2251,1 
"09009","1717.00","New Haven CT",1661,1 
"09009","1751.00","New Haven CT",1401,1 
"09009","1752.00","New Haven CT",1204,1 
"09009","1753.00","New Haven CT",1842,1 
"09009","1754.00","New Haven CT",2096,1 
"09009","1755.01","New Haven CT",534,1 
"09009","1755.02","New Haven CT",2789,1 
"09009","1756.00","New Haven CT",2206,1 
"09009","1757.00","New Haven CT",740,1 
"09009","1758.00","New Haven CT",1479,1 
"09009","1759.00","New Haven CT",2278,1 
"09009","1760.00","New Haven CT",2369,1 
"09009","1801.01","New Haven CT",1208,1 
"09009","1801.02","New Haven CT",2043,1 
"09009","1802.00","New Haven CT",2496,1 
"09009","1803.00","New Haven CT",1118,1 
"09009","1804.00","New Haven CT",968,1 
"09009","1805.00","New Haven CT",1811,1 
"09009","1806.01","New Haven CT",1257,1 
"09009","1806.02","New Haven CT",1493,1 
"09009","1841.01","New Haven CT",2962,1 
"09009","1842.00","New Haven CT",2022,1 
"09009","1843.00","New Haven CT",2264,1 
"09009","1844.00","New Haven CT",1826,1 
"09009","1845.00","New Haven CT",1092,1 
"09009","1846.00","New Haven CT",1398,1 
"09009","1847.00","New Haven CT",2616,1 
"09009","1861.00","New Haven CT",3040,1 
"09009","1862.00","New Haven CT",2593,1 
"09009","1901.00","New Haven CT",1662,1 
"09009","1902.00","New Haven CT",1937,1 
"09009","1903.01","New Haven CT",2502,1 
"09009","1903.02","New Haven CT",2214,1 
"09009","1903.03","New Haven CT",1378,1 
"09009","1941.01","New Haven CT",1357,1 
"09009","1941.02","New Haven CT",1837,1 
"09009","1942.01","New Haven CT",2851,1 
"09009","1942.02","New Haven CT",2015,1 
"09009","3411.00","New Haven CT",2618,1 
"09009","3431.01","New Haven CT",1749,1 
"09009","3431.02","New Haven CT",1618,1 
"09009","3432.00","New Haven CT",2298,1 
"09009","3433.00","New Haven CT",2646,1 
"09009","3434.00","New Haven CT",2447,1 
"09009","3441.00","New Haven CT",1837,1 
"09009","3442.00","New Haven CT",1210,1 
"09009","3451.00","New Haven CT",2991,1 
"09009","3452.01","New Haven CT",2771,1 
"09009","3452.02","New Haven CT",1633,1 
"09009","3453.00","New Haven CT",2830,1 
"09009","3454.00","New Haven CT",3014,1 
"09009","3461.01","New Haven CT",2829,1 
"09009","3461.02","New Haven CT",2193,1 
"09009","3471.00","New Haven CT",2369,1 
"09009","3472.00","New Haven CT",1393,1 
"09009","3481.11","New Haven CT",977,1 
"09009","3481.22","New Haven CT",1524,1 
"09009","3481.23","New Haven CT",2154,1 
"09009","3481.24","New Haven CT",1629,1 
"09009","3481.25","New Haven CT",2986,1 
"09009","3501.01","New Haven CT",2748,1 
"09009","3502.00","New Haven CT",1507,1 
"09009","3503.00","New Haven CT",830,1 
"09009","3504.00","New Haven CT",1195,1 
"09009","3505.00","New Haven CT",1082,1 
"09009","3508.00","New Haven CT",2310,1 
"09009","3509.00","New Haven CT",719,1 
"09009","3510.00","New Haven CT",1638,1 
"09009","3511.00","New Haven CT",1941,1 
"09009","3512.00","New Haven CT",1588,1 
"09009","3513.00","New Haven CT",2372,1 
"09009","3514.00","New Haven CT",1664,1 
"09009","3515.00","New Haven CT",2026,1 
"09009","3516.01","New Haven CT",1604,1 
"09009","3516.02","New Haven CT",2862,1 
"09009","3517.00","New Haven CT",1342,1 
"09009","3518.00","New Haven CT",2061,1 
"09009","3519.00","New Haven CT",1121,1 
"09009","3520.00","New Haven CT",1943,1 
"09009","3521.00","New Haven CT",1744,1 
"09009","3522.00","New Haven CT",956,1 
"09009","3523.00","New Haven CT",1245,1 
"09009","3524.00","New Haven CT",1276,1 
"09009","3525.00","New Haven CT",1344,1 
"09009","3526.00","New Haven CT",2337,1 
"09009","3527.01","New Haven CT",1653,1 
"09009","3527.02","New Haven CT",2509,1 
"09009","3528.00","New Haven CT",2775,1 
"09009","3611.00","New Haven CT",2545,1 
"09009","3612.00","New Haven CT",2239,1 
"09009","3613.00","New Haven CT",1624,1 
"09009","3614.01","New Haven CT",1773,1 
"09009","3614.02","New Haven CT",284,1 
"09009","3615.00","New Haven CT",2229,1 
"09011","6501.00","New London CT",1220,1 
"09011","6601.01","New London CT",1708,1 
"09011","6601.03","New London CT",1480,1 
"09011","6601.04","New London CT",1800,1 
"09011","6903.00","New London CT",2818,1 
"09011","6904.00","New London CT",874,1 
"09011","6905.00","New London CT",1773,1 
"09011","6907.00","New London CT",654,1 
"09011","6908.00","New London CT",1480,1 
"09011","6909.00","New London CT",2809,1 
"09011","6933.00","New London CT",2740,1 
"09011","6934.00","New London CT",2048,1 
"09011","6935.00","New London CT",1560,1 
"09011","6936.00","New London CT",1268,1 
"09011","6937.00","New London CT",1257,1 
"09011","6952.01","New London CT",2280,1 
"09011","6952.02","New London CT",2403,1 
"09011","6961.00","New London CT",2573,1 
"09011","6962.00","New London CT",2244,1 
"09011","6963.00","New London CT",1164,1 
"09011","6964.01","New London CT",2677,1 
"09011","6965.00","New London CT",1533,1 
"09011","6966.00","New London CT",1514,1 
"09011","6967.01","New London CT",2772,1 
"09011","6968.00","New London CT",1938,1 
"09011","6970.00","New London CT",2354,1 
"09011","7001.00","New London CT",2049,1 
"09011","7011.00","New London CT",3220,1 
"09011","7012.00","New London CT",2923,1 
"09011","7021.00","New London CT",1935,1 
"09011","7023.00","New London CT",999,1 
"09011","7024.00","New London CT",1808,1 
"09011","7025.00","New London CT",2270,1 
"09011","7026.00","New London CT",580,1 
"09011","7027.00","New London CT",2756,1 
"09011","7028.00","New London CT",1726,1 
"09011","7029.00","New London CT",1649,1 
"09011","7030.00","New London CT",1934,1 
"09011","7051.01","New London CT",2024,1 
"09011","7051.02","New London CT",2044,1 
"09011","7052.00","New London CT",2153,1 
"09011","7053.00","New London CT",1961,1 
"09011","7054.00","New London CT",1265,1 
"09011","7071.00","New London CT",2226,1 
"09011","7081.00","New London CT",1135,1 
"09011","7091.00","New London CT",2510,1 
"09011","7092.00","New London CT",2517,1 
"09011","7101.00","New London CT",1728,1 
"09011","7111.00","New London CT",1268,1 
"09011","7121.00","New London CT",790,1 
"09011","7131.00","New London CT",1131,1 
"09011","7141.01","New London CT",1697,1 
"09011","7141.03","New London CT",2730,1 
"09011","7141.04","New London CT",2014,1 
"09011","7151.00","New London CT",1719,1 
"09011","7161.01","New London CT",1843,1 
"09011","7161.02","New London CT",2323,1 
"09011","8701.00","New London CT",3147,1 
"09011","8702.00","New London CT",2494,1 
"09011","8703.00","New London CT",1711,1 
"09011","8705.01","New London CT",1746,1 
"09011","8705.02","New London CT",973,1 
"09011","8707.01","New London CT",1084,1 
"09011","8707.03","New London CT",1061,1 
"09011","8707.04","New London CT",2769,1 
"09011","9800.00","New London CT",10,1 
"09013","5261.01","Tolland CT",1787,1 
"09013","5261.02","Tolland CT",1831,1 
"09013","5281.00","Tolland CT",1324,1 
"09013","5291.00","Tolland CT",2045,1 
"09013","5301.00","Tolland CT",1149,1 
"09013","5302.00","Tolland CT",3048,1 
"09013","5303.01","Tolland CT",2898,1 
"09013","5303.02","Tolland CT",3039,1 
"09013","5304.00","Tolland CT",2098,1 
"09013","5305.00","Tolland CT",1418,1 
"09013","5306.00","Tolland CT",1111,1 
"09013","5331.02","Tolland CT",2175,1 
"09013","5331.03","Tolland CT",1651,1 
"09013","5331.04","Tolland CT",1804,1 
"09013","5351.01","Tolland CT",2666,1 
"09013","5351.02","Tolland CT",1653,1 
"09013","5352.00","Tolland CT",2735,1 
"09013","5381.00","Tolland CT",1,1 
"09013","5382.01","Tolland CT",1993,1 
"09013","5382.02","Tolland CT",1628,1 
"09013","8401.00","Tolland CT",2685,1 
"09013","8501.00","Tolland CT",2226,1 
"09013","8502.00","Tolland CT",3047,1 
"09013","8601.00","Tolland CT",2294,1 
"09013","8811.00","Tolland CT",2312,1 
"09013","8812.00","Tolland CT",278,1 
"09013","8813.00","Tolland CT",1803,1 
"09013","8815.00","Tolland CT",2563,1 
"09013","8901.00","Tolland CT",1892,1 
"09013","8902.02","Tolland CT",2085,1 
"09013","8902.03","Tolland CT",377,1 
"09013","8902.04","Tolland CT",1260,1 
"09015","8003.00","Windham CT",1601,1 
"09015","8004.00","Windham CT",1689,1 
"09015","8005.01","Windham CT",1640,1 
"09015","8005.02","Windham CT",1400,1 
"09015","8006.00","Windham CT",1744,1 
"09015","8007.00","Windham CT",1589,1 
"09015","8150.00","Windham CT",955,1 
"09015","8200.00","Windham CT",790,1 
"09015","8250.00","Windham CT",650,1 
"09015","8301.00","Windham CT",1923,1 
"09015","9001.00","Windham CT",1985,1 
"09015","9002.00","Windham CT",2158,1 
"09015","9011.01","Windham CT",1225,1 
"09015","9011.02","Windham CT",2444,1 
"09015","9022.00","Windham CT",806,1 
"09015","9025.00","Windham CT",1686,1 
"09015","9031.01","Windham CT",1641,1 
"09015","9031.02","Windham CT",1667,1 
"09015","9032.00","Windham CT",984,1 
"09015","9041.01","Windham CT",2015,1 
"09015","9041.02","Windham CT",1164,1 
"09015","9044.00","Windham CT",2098,1 
"09015","9045.00","Windham CT",2607,1 
"09015","9051.01","Windham CT",1936,1 
"09015","9051.02","Windham CT",1406,1 
"09015","9061.00","Windham CT",2044,1 
"09015","9071.00","Windham CT",1794,1 
"09015","9072.00","Windham CT",2231,1 
"09015","9073.00","Windham CT",2239,1 
"09015","9081.00","Windham CT",1479,1 
